0,362329199906210217
1,362329199906210219
2,362329199906210221
3,362329199906210223
4,362329199906210225
5,362329199906210227
6,362329199906210229
7,362329199906210231
8,362329199906210233
9,362329199906210235
10,362329199906210237
11,362329199906210239
12,362329199906210241
13,362329199906210243
14,362329199906210245
15,362329199906210247
16,362329199906210249
17,362329199906210251
18,362329199906210253
19,362329199906210255
20,362329199906210257
21,362329199906210259
22,362329199906210261
23,362329199906210263
24,362329199906210265
25,362329199906210267
26,362329199906210269
27,362329199906210271
28,362329199906210273
29,362329199906210275
30,362329199906210277
31,362329199906210279
32,362329199906210281
33,362329199906210283
34,362329199906210285
35,362329199906210287
36,362329199906210289
37,362329199906210291
38,362329199906210293
39,362329199906210295
40,362329199906210297
41,362329199906210299
42,362329199906210301
43,362329199906210303
44,362329199906210305
45,362329199906210307
46,362329199906210309
47,362329199906210311
48,362329199906210313
49,362329199906210315
50,362329199906210317
51,362329199906210319
52,362329199906210321
53,362329199906210323
54,362329199906210325
55,362329199906210327
56,362329199906210329
57,362329199906210331
58,362329199906210333
59,362329199906210335
60,362329199906210337
61,362329199906210339
62,362329199906210341
63,362329199906210343
64,362329199906210345
65,362329199906210347
66,362329199906210349
67,362329199906210351
68,362329199906210353
69,362329199906210355
70,362329199906210357
71,362329199906210359
72,362329199906210361
73,362329199906210363
74,362329199906210365
75,362329199906210367
76,362329199906210369
77,362329199906210371
78,362329199906210373
79,362329199906210375
80,362329199906210377
81,362329199906210379
82,362329199906210381
83,362329199906210383
84,362329199906210385
85,362329199906210387
86,362329199906210389
87,362329199906210391
88,362329199906210393
89,362329199906210395
90,362329199906210397
91,362329199906210399
92,362329199906210401
93,362329199906210403
94,362329199906210405
95,362329199906210407
96,362329199906210409
97,362329199906210411
98,362329199906210413
99,362329199906210415
100,362329199906210417
101,362329199906210419
102,362329199906210421
103,362329199906210423
104,362329199906210425
105,362329199906210427
106,362329199906210429
107,362329199906210431
108,362329199906210433
109,362329199906210435
110,362329199906210437
111,362329199906210439
112,362329199906210441
113,362329199906210443
114,362329199906210445
115,362329199906210447
116,362329199906210449
117,362329199906210451
118,362329199906210453
119,362329199906210455
120,362329199906210457
121,362329199906210459
122,362329199906210461
123,362329199906210463
124,362329199906210465
125,362329199906210467
126,362329199906210469
127,362329199906210471
128,362329199906210473
129,362329199906210475
130,362329199906210477
131,362329199906210479
132,362329199906210481
133,362329199906210483
134,362329199906210485
135,362329199906210487
136,362329199906210489
137,362329199906210491
138,362329199906210493
139,362329199906210495
140,362329199906210497
141,362329199906210499
142,362329199906210501
143,362329199906210503
144,362329199906210505
145,362329199906210507
146,362329199906210509
147,362329199906210511
148,362329199906210513
149,362329199906210515
150,362329199906210517
151,362329199906210519
152,362329199906210521
153,362329199906210523
154,362329199906210525
155,362329199906210527
156,362329199906210529
157,362329199906210531
158,362329199906210533
159,362329199906210535
160,362329199906210537
161,362329199906210539
162,362329199906210541
163,362329199906210543
164,362329199906210545
165,362329199906210547
166,362329199906210549
167,362329199906210551
168,362329199906210553
169,362329199906210555
170,362329199906210557
171,362329199906210559
172,362329199906210561
173,362329199906210563
174,362329199906210565
175,362329199906210567
176,362329199906210569
177,362329199906210571
178,362329199906210573
179,362329199906210575
180,362329199906210577
181,362329199906210579
182,362329199906210581
183,362329199906210583
184,362329199906210585
185,362329199906210587
186,362329199906210589
187,362329199906210591
188,362329199906210593
189,362329199906210595
190,362329199906210597
191,362329199906210599
192,362329199906210601
193,362329199906210603
194,362329199906210605
195,362329199906210607
196,362329199906210609
197,362329199906210611
198,362329199906210613
199,362329199906210615
200,362329199906210617
201,362329199906210619
202,362329199906210621
203,362329199906210623
204,362329199906210625
205,362329199906210627
206,362329199906210629
207,362329199906210631
208,362329199906210633
209,362329199906210635
210,362329199906210637
211,362329199906210639
212,362329199906210641
213,362329199906210643
214,362329199906210645
215,362329199906210647
216,362329199906210649
217,362329199906210651
218,362329199906210653
219,362329199906210655
220,362329199906210657
221,362329199906210659
222,362329199906210661
223,362329199906210663
224,362329199906210665
225,362329199906210667
226,362329199906210669
227,362329199906210671
228,362329199906210673
229,362329199906210675
230,362329199906210677
231,362329199906210679
232,362329199906210681
233,362329199906210683
234,362329199906210685
235,362329199906210687
236,362329199906210689
237,362329199906210691
238,362329199906210693
239,362329199906210695
240,362329199906210697
241,362329199906210699
242,362329199906210701
243,362329199906210703
244,362329199906210705
245,362329199906210707
246,362329199906210709
247,362329199906210711
248,362329199906210713
249,362329199906210715
250,362329199906210717
251,362329199906210719
252,362329199906210721
253,362329199906210723
254,362329199906210725
255,362329199906210727
256,362329199906210729
257,362329199906210731
258,362329199906210733
259,362329199906210735
260,362329199906210737
261,362329199906210739
262,362329199906210741
263,362329199906210743
264,362329199906210745
265,362329199906210747
266,362329199906210749
267,362329199906210751
268,362329199906210753
269,362329199906210755
270,362329199906210757
271,362329199906210759
272,362329199906210761
273,362329199906210763
274,362329199906210765
275,362329199906210767
276,362329199906210769
277,362329199906210771
278,362329199906210773
279,362329199906210775
280,362329199906210777
281,362329199906210779
282,362329199906210781
283,362329199906210783
284,362329199906210785
285,362329199906210787
286,362329199906210789
287,362329199906210791
288,362329199906210793
289,362329199906210795
290,362329199906210797
291,362329199906210799
292,362329199906210801
293,362329199906210803
294,362329199906210805
295,362329199906210807
296,362329199906210809
297,362329199906210811
298,362329199906210813
299,362329199906210815
300,362329199906210817
301,362329199906210819
302,362329199906210821
303,362329199906210823
304,362329199906210825
305,362329199906210827
306,362329199906210829
307,362329199906210831
308,362329199906210833
309,362329199906210835
310,362329199906210837
311,362329199906210839
312,362329199906210841
313,362329199906210843
314,362329199906210845
315,362329199906210847
316,362329199906210849
317,362329199906210851
318,362329199906210853
319,362329199906210855
320,362329199906210857
321,362329199906210859
322,362329199906210861
323,362329199906210863
324,362329199906210865
325,362329199906210867
326,362329199906210869
327,362329199906210871
328,362329199906210873
329,362329199906210875
330,362329199906210877
331,362329199906210879
332,362329199906210881
333,362329199906210883
334,362329199906210885
335,362329199906210887
336,362329199906210889
337,362329199906210891
338,362329199906210893
339,362329199906210895
340,362329199906210897
341,362329199906210899
342,362329199906210901
343,362329199906210903
344,362329199906210905
345,362329199906210907
346,362329199906210909
347,362329199906210911
348,362329199906210913
349,362329199906210915
350,362329199906210917
351,362329199906210919
352,362329199906210921
353,362329199906210923
354,362329199906210925
355,362329199906210927
356,362329199906210929
357,362329199906210931
358,362329199906210933
359,362329199906210935
360,362329199906210937
361,362329199906210939
362,362329199906210941
363,362329199906210943
364,362329199906210945
365,362329199906210947
366,362329199906210949
367,362329199906210951
368,362329199906210953
369,362329199906210955
370,362329199906210957
371,362329199906210959
372,362329199906210961
373,362329199906210963
374,362329199906210965
375,362329199906210967
376,362329199906210969
377,362329199906210971
378,362329199906210973
379,362329199906210975
380,362329199906210977
381,362329199906210979
382,362329199906210981
383,362329199906210983
384,362329199906210985
385,362329199906210987
386,362329199906210989
387,362329199906210991
388,362329199906210993
389,362329199906210995
390,362329199906210997
391,362329199906210999
392,362329199906211001
393,362329199906211003
394,362329199906211005
395,362329199906211007
396,362329199906211009
397,362329199906211011
398,362329199906211013
399,362329199906211015
400,362329199906211017
401,362329199906211019
402,362329199906211021
403,362329199906211023
404,362329199906211025
405,362329199906211027
406,362329199906211029
407,362329199906211031
408,362329199906211033
409,362329199906211035
410,362329199906211037
411,362329199906211039
412,362329199906211041
413,362329199906211043
414,362329199906211045
415,362329199906211047
416,362329199906211049
417,362329199906211051
418,362329199906211053
419,362329199906211055
420,362329199906211057
421,362329199906211059
422,362329199906211061
423,362329199906211063
424,362329199906211065
425,362329199906211067
426,362329199906211069
427,362329199906211071
428,362329199906211073
429,362329199906211075
430,362329199906211077
431,362329199906211079
432,362329199906211081
433,362329199906211083
434,362329199906211085
435,362329199906211087
436,362329199906211089
437,362329199906211091
438,362329199906211093
439,362329199906211095
440,362329199906211097
441,362329199906211099
442,362329199906211101
443,362329199906211103
444,362329199906211105
445,362329199906211107
446,362329199906211109
447,362329199906211111
448,362329199906211113
449,362329199906211115
450,362329199906211117
451,362329199906211119
452,362329199906211121
453,362329199906211123
454,362329199906211125
455,362329199906211127
456,362329199906211129
457,362329199906211131
458,362329199906211133
459,362329199906211135
460,362329199906211137
461,362329199906211139
462,362329199906211141
463,362329199906211143
464,362329199906211145
465,362329199906211147
466,362329199906211149
467,362329199906211151
468,362329199906211153
469,362329199906211155
470,362329199906211157
471,362329199906211159
472,362329199906211161
473,362329199906211163
474,362329199906211165
475,362329199906211167
476,362329199906211169
477,362329199906211171
478,362329199906211173
479,362329199906211175
480,362329199906211177
481,362329199906211179
482,362329199906211181
483,362329199906211183
484,362329199906211185
485,362329199906211187
486,362329199906211189
487,362329199906211191
488,362329199906211193
489,362329199906211195
490,362329199906211197
491,362329199906211199
492,362329199906211201
493,362329199906211203
494,362329199906211205
495,362329199906211207
496,362329199906211209
497,362329199906211211
498,362329199906211213
499,362329199906211215
500,362329199906211217
501,362329199906211219
502,362329199906211221
503,362329199906211223
504,362329199906211225
505,362329199906211227
506,362329199906211229
507,362329199906211231
508,362329199906211233
509,362329199906211235
510,362329199906211237
511,362329199906211239
512,362329199906211241
513,362329199906211243
514,362329199906211245
515,362329199906211247
516,362329199906211249
517,362329199906211251
518,362329199906211253
519,362329199906211255
520,362329199906211257
521,362329199906211259
522,362329199906211261
523,362329199906211263
524,362329199906211265
525,362329199906211267
526,362329199906211269
527,362329199906211271
528,362329199906211273
529,362329199906211275
530,362329199906211277
531,362329199906211279
532,362329199906211281
533,362329199906211283
534,362329199906211285
535,362329199906211287
536,362329199906211289
537,362329199906211291
538,362329199906211293
539,362329199906211295
540,362329199906211297
541,362329199906211299
542,362329199906211301
543,362329199906211303
544,362329199906211305
545,362329199906211307
546,362329199906211309
547,362329199906211311
548,362329199906211313
549,362329199906211315
550,362329199906211317
551,362329199906211319
552,362329199906211321
553,362329199906211323
554,362329199906211325
555,362329199906211327
556,362329199906211329
557,362329199906211331
558,362329199906211333
559,362329199906211335
560,362329199906211337
561,362329199906211339
562,362329199906211341
563,362329199906211343
564,362329199906211345
565,362329199906211347
566,362329199906211349
567,362329199906211351
568,362329199906211353
569,362329199906211355
570,362329199906211357
571,362329199906211359
572,362329199906211361
573,362329199906211363
574,362329199906211365
575,362329199906211367
576,362329199906211369
577,362329199906211371
578,362329199906211373
579,362329199906211375
580,362329199906211377
581,362329199906211379
582,362329199906211381
583,362329199906211383
584,362329199906211385
585,362329199906211387
586,362329199906211389
587,362329199906211391
588,362329199906211393
589,362329199906211395
590,362329199906211397
591,362329199906211399
592,362329199906211401
593,362329199906211403
594,362329199906211405
595,362329199906211407
596,362329199906211409
597,362329199906211411
598,362329199906211413
599,362329199906211415
600,362329199906211417
601,362329199906211419
602,362329199906211421
603,362329199906211423
604,362329199906211425
605,362329199906211427
606,362329199906211429
607,362329199906211431
608,362329199906211433
609,362329199906211435
610,362329199906211437
611,362329199906211439
612,362329199906211441
613,362329199906211443
614,362329199906211445
615,362329199906211447
616,362329199906211449
617,362329199906211451
618,362329199906211453
619,362329199906211455
620,362329199906211457
621,362329199906211459
622,362329199906211461
623,362329199906211463
624,362329199906211465
625,362329199906211467
626,362329199906211469
627,362329199906211471
628,362329199906211473
629,362329199906211475
630,362329199906211477
631,362329199906211479
632,362329199906211481
633,362329199906211483
634,362329199906211485
635,362329199906211487
636,362329199906211489
637,362329199906211491
638,362329199906211493
639,362329199906211495
640,362329199906211497
641,362329199906211499
642,362329199906211501
643,362329199906211503
644,362329199906211505
645,362329199906211507
646,362329199906211509
647,362329199906211511
648,362329199906211513
649,362329199906211515
650,362329199906211517
651,362329199906211519
652,362329199906211521
653,362329199906211523
654,362329199906211525
655,362329199906211527
656,362329199906211529
657,362329199906211531
658,362329199906211533
659,362329199906211535
660,362329199906211537
661,362329199906211539
662,362329199906211541
663,362329199906211543
664,362329199906211545
665,362329199906211547
666,362329199906211549
667,362329199906211551
668,362329199906211553
669,362329199906211555
670,362329199906211557
671,362329199906211559
672,362329199906211561
673,362329199906211563
674,362329199906211565
675,362329199906211567
676,362329199906211569
677,362329199906211571
678,362329199906211573
679,362329199906211575
680,362329199906211577
681,362329199906211579
682,362329199906211581
683,362329199906211583
684,362329199906211585
685,362329199906211587
686,362329199906211589
687,362329199906211591
688,362329199906211593
689,362329199906211595
690,362329199906211597
691,362329199906211599
692,362329199906211601
693,362329199906211603
694,362329199906211605
695,362329199906211607
696,362329199906211609
697,362329199906211611
698,362329199906211613
699,362329199906211615
700,362329199906211617
701,362329199906211619
702,362329199906211621
703,362329199906211623
704,362329199906211625
705,362329199906211627
706,362329199906211629
707,362329199906211631
708,362329199906211633
709,362329199906211635
710,362329199906211637
711,362329199906211639
712,362329199906211641
713,362329199906211643
714,362329199906211645
715,362329199906211647
716,362329199906211649
717,362329199906211651
718,362329199906211653
719,362329199906211655
720,362329199906211657
721,362329199906211659
722,362329199906211661
723,362329199906211663
724,362329199906211665
725,362329199906211667
726,362329199906211669
727,362329199906211671
728,362329199906211673
729,362329199906211675
730,362329199906211677
731,362329199906211679
732,362329199906211681
733,362329199906211683
734,362329199906211685
735,362329199906211687
736,362329199906211689
737,362329199906211691
738,362329199906211693
739,362329199906211695
740,362329199906211697
741,362329199906211699
742,362329199906211701
743,362329199906211703
744,362329199906211705
745,362329199906211707
746,362329199906211709
747,362329199906211711
748,362329199906211713
749,362329199906211715
750,362329199906211717
751,362329199906211719
752,362329199906211721
753,362329199906211723
754,362329199906211725
755,362329199906211727
756,362329199906211729
757,362329199906211731
758,362329199906211733
759,362329199906211735
760,362329199906211737
761,362329199906211739
762,362329199906211741
763,362329199906211743
764,362329199906211745
765,362329199906211747
766,362329199906211749
767,362329199906211751
768,362329199906211753
769,362329199906211755
770,362329199906211757
771,362329199906211759
772,362329199906211761
773,362329199906211763
774,362329199906211765
775,362329199906211767
776,362329199906211769
777,362329199906211771
778,362329199906211773
779,362329199906211775
780,362329199906211777
781,362329199906211779
782,362329199906211781
783,362329199906211783
784,362329199906211785
785,362329199906211787
786,362329199906211789
787,362329199906211791
788,362329199906211793
789,362329199906211795
790,362329199906211797
791,362329199906211799
792,362329199906211801
793,362329199906211803
794,362329199906211805
795,362329199906211807
796,362329199906211809
797,362329199906211811
798,362329199906211813
799,362329199906211815
800,362329199906211817
801,362329199906211819
802,362329199906211821
803,362329199906211823
804,362329199906211825
805,362329199906211827
806,362329199906211829
807,362329199906211831
808,362329199906211833
809,362329199906211835
810,362329199906211837
811,362329199906211839
812,362329199906211841
813,362329199906211843
814,362329199906211845
815,362329199906211847
816,362329199906211849
817,362329199906211851
818,362329199906211853
819,362329199906211855
820,362329199906211857
821,362329199906211859
822,362329199906211861
823,362329199906211863
824,362329199906211865
825,362329199906211867
826,362329199906211869
827,362329199906211871
828,362329199906211873
829,362329199906211875
830,362329199906211877
831,362329199906211879
832,362329199906211881
833,362329199906211883
834,362329199906211885
835,362329199906211887
836,362329199906211889
837,362329199906211891
838,362329199906211893
839,362329199906211895
840,362329199906211897
841,362329199906211899
842,362329199906211901
843,362329199906211903
844,362329199906211905
845,362329199906211907
846,362329199906211909
847,362329199906211911
848,362329199906211913
849,362329199906211915
850,362329199906211917
851,362329199906211919
852,362329199906211921
853,362329199906211923
854,362329199906211925
855,362329199906211927
856,362329199906211929
857,362329199906211931
858,362329199906211933
859,362329199906211935
860,362329199906211937
861,362329199906211939
862,362329199906211941
863,362329199906211943
864,362329199906211945
865,362329199906211947
866,362329199906211949
867,362329199906211951
868,362329199906211953
869,362329199906211955
870,362329199906211957
871,362329199906211959
872,362329199906211961
873,362329199906211963
874,362329199906211965
875,362329199906211967
876,362329199906211969
877,362329199906211971
878,362329199906211973
879,362329199906211975
880,362329199906211977
881,362329199906211979
882,362329199906211981
883,362329199906211983
884,362329199906211985
885,362329199906211987
886,362329199906211989
887,362329199906211991
888,362329199906211993
889,362329199906211995
890,362329199906211997
891,362329199906211999
892,362329199906212001
893,362329199906212003
894,362329199906212005
895,362329199906212007
896,362329199906212009
897,362329199906212011
898,362329199906212013
899,362329199906212015
900,362329199906212017
901,362329199906212019
902,362329199906212021
903,362329199906212023
904,362329199906212025
905,362329199906212027
906,362329199906212029
907,362329199906212031
908,362329199906212033
909,362329199906212035
910,362329199906212037
911,362329199906212039
912,362329199906212041
913,362329199906212043
914,362329199906212045
915,362329199906212047
916,362329199906212049
917,362329199906212051
918,362329199906212053
919,362329199906212055
920,362329199906212057
921,362329199906212059
922,362329199906212061
923,362329199906212063
924,362329199906212065
925,362329199906212067
926,362329199906212069
927,362329199906212071
928,362329199906212073
929,362329199906212075
930,362329199906212077
931,362329199906212079
932,362329199906212081
933,362329199906212083
934,362329199906212085
935,362329199906212087
936,362329199906212089
937,362329199906212091
938,362329199906212093
939,362329199906212095
940,362329199906212097
941,362329199906212099
942,362329199906212101
943,362329199906212103
944,362329199906212105
945,362329199906212107
946,362329199906212109
947,362329199906212111
948,362329199906212113
949,362329199906212115
950,362329199906212117
951,362329199906212119
952,362329199906212121
953,362329199906212123
954,362329199906212125
955,362329199906212127
956,362329199906212129
957,362329199906212131
958,362329199906212133
959,362329199906212135
960,362329199906212137
961,362329199906212139
962,362329199906212141
963,362329199906212143
964,362329199906212145
965,362329199906212147
966,362329199906212149
967,362329199906212151
968,362329199906212153
969,362329199906212155
970,362329199906212157
971,362329199906212159
972,362329199906212161
973,362329199906212163
974,362329199906212165
975,362329199906212167
976,362329199906212169
977,362329199906212171
978,362329199906212173
979,362329199906212175
980,362329199906212177
981,362329199906212179
982,362329199906212181
983,362329199906212183
984,362329199906212185
985,362329199906212187
986,362329199906212189
987,362329199906212191
988,362329199906212193
989,362329199906212195
990,362329199906212197
991,362329199906212199
992,362329199906212201
993,362329199906212203
994,362329199906212205
995,362329199906212207
996,362329199906212209
997,362329199906212211
998,362329199906212213
999,362329199906212215